<?xml version="1.0" encoding="UTF-8"?>
<!-- - logging configuration -->

<configuration strict="true" verbose="true" monitorInterval="5" debug="false">

	<properties>
		<property name="filename">target/test.log</property>
	</properties>

	<filter type="ThresholdFilter" level="trace" />

	<loggers>
		<root level="trace">
			<appender-ref ref="Console" />
		</root>
		<logger name="org.hibernate" level="info" additivity="false" />
		<logger name="org.springframework" level="info" additivity="false" />
	</loggers>

  

	<appenders>
		<Console name="Console" target="SYSTEM_OUT">
			<PatternLayout pattern="%d{YYYY-MM-dd HH:mm:ss.SSS} %-5p %x | %-128m | (%F:%L) %M %n" />
		</Console>
	</appenders>


	<!-- default logfile logger -->
	<!-- <appender name="default" class="org.apache.log4j.DailyRollingFileAppender"> -->
	<!-- <param name="File" value="/var/log/myTaxi/passenger.log" /> -->
	<!-- <param name="Append" value="true" /> -->
	<!-- <param name="Threshold" value="INFO" /> -->
	<!-- <param name="DatePattern" value="'.'yyyy-MM-dd" /> -->
	<!-- <layout class="org.apache.log4j.PatternLayout"> -->
	<!-- <param name="ConversionPattern" value="%d %-5p %x | %m | %c{1}:%M%n" /> -->
	<!-- </layout> -->
	<!-- </appender> -->

	<!-- Crash logger -->
	<!-- <appender name="crash" class="org.apache.log4j.net.SMTPAppender"> -->
	<!-- <param name="BufferSize" value="512" /> -->
	<!-- <param name="SMTPHost" value="localhost" /> -->
	<!-- <param name="From" value="user@${hostname}" /> -->
	<!-- <param name="To" value="crashlogger@myTaxi.net" /> -->
	<!-- <param name="Subject" value="Exception on ${hostname}" /> -->
	<!-- <layout class="org.apache.log4j.PatternLayout"> -->
	<!-- <param name="ConversionPattern" value="%d %-5p %x | %m | %c{1}:%M%n" /> -->
	<!-- </layout> -->
	<!-- <filter class="org.apache.log4j.varia.LevelRangeFilter"> -->
	<!-- <param name="LevelMin" value="ERROR" /> -->
	<!-- <param name="LevelMax" value="FATAL" /> -->
	<!-- </filter> -->
	<!-- </appender> -->

</configuration>

